問題,答え,難易度数値,真コメント,偽コメント
美少年天狗に試されたという逸話がある武将は？,織田信長,3,{結構有名な武将}{冷酷とかよく言われてる}{ホトトギスの俳句は有名}{桶狭間の戦いで勝った},{鳴かぬなら鳴くまで待とうだっけ}{桶狭間の戦いで負けた方}{天下統一した人}
2,たかなし,3,{珍しいけど苗字が実際にある}{小鳥が遊べるくらい天敵がいないって意味}{天敵って鷹なんだよね},{天敵ってトンビだっけ}{ことりあそび？}{5文字だよ}
春夏冬中　←読み方は？,あきないちゅう,3,{春夏秋冬から秋がない}{親の世代はほとんどわかるかも}{営業中って意味}{???い中}{昔の居酒屋とかのイメージ},{そのまま読めばいいんじゃない？}{冬のような寒さの中で頑張ってるよ的な？}
？？？？？,さいたまけん,1,{関東地方}{海がない県}{クレヨン○○ちゃん}{東京に近い},{県名じゃないぞ}{春日部！}{魅力ない県らしい}{翔んで○○}
？？？？？,ぱんだ,1,{中国のイメージ}{白と黒}{動物}{かわいい}{上野にいた},{レッサーパンダ}{熊}{笹泥棒}{寝てるイメージ}
一度に二つの利益を得ることを表す言葉は？,いっせきにちょう,2,{四字熟語}{数字が入る}{石使う}{鳥が出る},{一挙両得}{一二利益}{一攫千金}{一両日中}
小鳥遊　←読み方は？,たかなし,3,{珍しいけど苗字が実際にある}{小鳥が遊べるくらい天敵がいないって意味}{天敵って鷹なんだよね},{天敵ってトンビだっけ}{ことりあそび？}{7文字だよ}
「蜻蛉」なんて読む？,とんぼ,5,{秋の生き物}{虫}{飛んでいる}{指に止まる},{せいれい}{かげろう}{とんぼう}{せいろう}
「師走」なんて読む？,しわす,5,{昔の12月}{寒い！}{冬},{しそう}{しはす}{しかける}
10,あいづち,7,{うんうん}{会話}{リアクション},{そうづち}{あいづつ}{そうつち}{あいずち}{顔上下上下}
11,またたび,8,{猫が好き}{植物}{また旅を続けられる！},{もくてんりょう}{きてんりょう}{ねこじゃらし}
「海星」なんて読む？,ひとで,8,{海にある星}{生き物かな}{星形のやつ},{かいせい}{うみぼし}{スターフィッシュ}
「石蓴」なんて読む？,あおさ,10,{味噌汁である}{海藻っぽい}{ヒトエグサ},{青のり}{「いし」なんとか}{せきじゅん}{わかめ}{いしのり}
「鯑」なんて読む？,かずのこ,6,{魚の卵}{食べれる}{寿司屋で食べれる}{おいしい},{サメの卵}{オレンジ色？}{黒色？}{イクラだ！}
